Job Title,Company,Location,Apply_Link
Senior Python Developer,"Payne, Roberts and Davis","Stewartbury, AA","<a class=""card-footer-item"" href=""https://realpython.github.io/fake-jobs/jobs/senior-python-developer-0.html"" target=""_blank"">Apply</a>"
Energy engineer,Vasquez-Davidson,"Christopherville, AA","<a class=""card-footer-item"" href=""https://realpython.github.io/fake-jobs/jobs/energy-engineer-1.html"" target=""_blank"">Apply</a>"
Legal executive,"Jackson, Chambers and Levy","Port Ericaburgh, AA","<a class=""card-footer-item"" href=""https://realpython.github.io/fake-jobs/jobs/legal-executive-2.html"" target=""_blank"">Apply</a>"
Fitness centre manager,Savage-Bradley,"East Seanview, AP","<a class=""card-footer-item"" href=""https://realpython.github.io/fake-jobs/jobs/fitness-centre-manager-3.html"" target=""_blank"">Apply</a>"
Product manager,Ramirez Inc,"North Jamieview, AP","<a class=""card-footer-item"" href=""https://realpython.github.io/fake-jobs/jobs/product-manager-4.html"" target=""_blank"">Apply</a>"
Medical technical officer,Rogers-Yates,"Davidville, AP","<a class=""card-footer-item"" href=""https://realpython.github.io/fake-jobs/jobs/medical-technical-officer-5.html"" target=""_blank"">Apply</a>"
Physiological scientist,Kramer-Klein,"South Christopher, AE","<a class=""card-footer-item"" href=""https://realpython.github.io/fake-jobs/jobs/physiological-scientist-6.html"" target=""_blank"">Apply</a>"
Textile designer,Meyers-Johnson,"Port Jonathan, AE","<a class=""card-footer-item"" href=""https://realpython.github.io/fake-jobs/jobs/textile-designer-7.html"" target=""_blank"">Apply</a>"
Television floor manager,Hughes-Williams,"Osbornetown, AE","<a class=""card-footer-item"" href=""https://realpython.github.io/fake-jobs/jobs/television-floor-manager-8.html"" target=""_blank"">Apply</a>"
Waste management officer,"Jones, Williams and Villa","Scotttown, AP","<a class=""card-footer-item"" href=""https://realpython.github.io/fake-jobs/jobs/waste-management-officer-9.html"" target=""_blank"">Apply</a>"
Software Engineer (Python),Garcia PLC,"Ericberg, AE","<a class=""card-footer-item"" href=""https://realpython.github.io/fake-jobs/jobs/software-engineer-python-10.html"" target=""_blank"">Apply</a>"
Interpreter,Gregory and Sons,"Ramireztown, AE","<a class=""card-footer-item"" href=""https://realpython.github.io/fake-jobs/jobs/interpreter-11.html"" target=""_blank"">Apply</a>"
Architect,"Clark, Garcia and Sosa","Figueroaview, AA","<a class=""card-footer-item"" href=""https://realpython.github.io/fake-jobs/jobs/architect-12.html"" target=""_blank"">Apply</a>"
Meteorologist,Bush PLC,"Kelseystad, AA","<a class=""card-footer-item"" href=""https://realpython.github.io/fake-jobs/jobs/meteorologist-13.html"" target=""_blank"">Apply</a>"
Audiological scientist,Salazar-Meyers,"Williamsburgh, AE","<a class=""card-footer-item"" href=""https://realpython.github.io/fake-jobs/jobs/audiological-scientist-14.html"" target=""_blank"">Apply</a>"
English as a second language teacher,"Parker, Murphy and Brooks","Mitchellburgh, AE","<a class=""card-footer-item"" href=""https://realpython.github.io/fake-jobs/jobs/english-as-a-second-language-teacher-15.html"" target=""_blank"">Apply</a>"
Surgeon,Cruz-Brown,"West Jessicabury, AA","<a class=""card-footer-item"" href=""https://realpython.github.io/fake-jobs/jobs/surgeon-16.html"" target=""_blank"">Apply</a>"
Equities trader,Macdonald-Ferguson,"Maloneshire, AE","<a class=""card-footer-item"" href=""https://realpython.github.io/fake-jobs/jobs/equities-trader-17.html"" target=""_blank"">Apply</a>"
Newspaper journalist,"Williams, Peterson and Rojas","Johnsonton, AA","<a class=""card-footer-item"" href=""https://realpython.github.io/fake-jobs/jobs/newspaper-journalist-18.html"" target=""_blank"">Apply</a>"
Materials engineer,Smith and Sons,"South Davidtown, AP","<a class=""card-footer-item"" href=""https://realpython.github.io/fake-jobs/jobs/materials-engineer-19.html"" target=""_blank"">Apply</a>"
Python Programmer (Entry-Level),"Moss, Duncan and Allen","Port Sara, AE","<a class=""card-footer-item"" href=""https://realpython.github.io/fake-jobs/jobs/python-programmer-entry-level-20.html"" target=""_blank"">Apply</a>"
Product/process development scientist,Gomez-Carroll,"Marktown, AA","<a class=""card-footer-item"" href=""https://realpython.github.io/fake-jobs/jobs/product-process-development-scientist-21.html"" target=""_blank"">Apply</a>"
"Scientist, research (maths)","Manning, Welch and Herring","Laurenland, AE","<a class=""card-footer-item"" href=""https://realpython.github.io/fake-jobs/jobs/scientist-research-maths-22.html"" target=""_blank"">Apply</a>"
Ecologist,"Lee, Gutierrez and Brown","Lauraton, AP","<a class=""card-footer-item"" href=""https://realpython.github.io/fake-jobs/jobs/ecologist-23.html"" target=""_blank"">Apply</a>"
Materials engineer,"Davis, Serrano and Cook","South Tammyberg, AP","<a class=""card-footer-item"" href=""https://realpython.github.io/fake-jobs/jobs/materials-engineer-24.html"" target=""_blank"">Apply</a>"
Historic buildings inspector/conservation officer,Smith LLC,"North Brandonville, AP","<a class=""card-footer-item"" href=""https://realpython.github.io/fake-jobs/jobs/historic-buildings-inspector-conservation-officer-25.html"" target=""_blank"">Apply</a>"
Data scientist,Thomas Group,"Port Robertfurt, AA","<a class=""card-footer-item"" href=""https://realpython.github.io/fake-jobs/jobs/data-scientist-26.html"" target=""_blank"">Apply</a>"
Psychiatrist,Silva-King,"Burnettbury, AE","<a class=""card-footer-item"" href=""https://realpython.github.io/fake-jobs/jobs/psychiatrist-27.html"" target=""_blank"">Apply</a>"
Structural engineer,Pierce-Long,"Herbertside, AA","<a class=""card-footer-item"" href=""https://realpython.github.io/fake-jobs/jobs/structural-engineer-28.html"" target=""_blank"">Apply</a>"
Immigration officer,Walker-Simpson,"Christopherport, AP","<a class=""card-footer-item"" href=""https://realpython.github.io/fake-jobs/jobs/immigration-officer-29.html"" target=""_blank"">Apply</a>"
Python Programmer (Entry-Level),Cooper and Sons,"West Victor, AE","<a class=""card-footer-item"" href=""https://realpython.github.io/fake-jobs/jobs/python-programmer-entry-level-30.html"" target=""_blank"">Apply</a>"
Neurosurgeon,"Donovan, Gonzalez and Figueroa","Port Aaron, AP","<a class=""card-footer-item"" href=""https://realpython.github.io/fake-jobs/jobs/neurosurgeon-31.html"" target=""_blank"">Apply</a>"
Broadcast engineer,"Morgan, Butler and Bennett","Loribury, AA","<a class=""card-footer-item"" href=""https://realpython.github.io/fake-jobs/jobs/broadcast-engineer-32.html"" target=""_blank"">Apply</a>"
Make,Snyder-Lee,"Angelastad, AP","<a class=""card-footer-item"" href=""https://realpython.github.io/fake-jobs/jobs/make-33.html"" target=""_blank"">Apply</a>"
"Nurse, adult",Harris PLC,"Larrytown, AE","<a class=""card-footer-item"" href=""https://realpython.github.io/fake-jobs/jobs/nurse-adult-34.html"" target=""_blank"">Apply</a>"
Air broker,Washington PLC,"West Colin, AP","<a class=""card-footer-item"" href=""https://realpython.github.io/fake-jobs/jobs/air-broker-35.html"" target=""_blank"">Apply</a>"
"Editor, film/video","Brown, Price and Campbell","West Stephanie, AP","<a class=""card-footer-item"" href=""https://realpython.github.io/fake-jobs/jobs/editor-film-video-36.html"" target=""_blank"">Apply</a>"
"Production assistant, radio",Mcgee PLC,"Laurentown, AP","<a class=""card-footer-item"" href=""https://realpython.github.io/fake-jobs/jobs/production-assistant-radio-37.html"" target=""_blank"">Apply</a>"
"Engineer, communications",Dixon Inc,"Wrightberg, AP","<a class=""card-footer-item"" href=""https://realpython.github.io/fake-jobs/jobs/engineer-communications-38.html"" target=""_blank"">Apply</a>"
Sales executive,"Thompson, Sheppard and Ward","Alberttown, AE","<a class=""card-footer-item"" href=""https://realpython.github.io/fake-jobs/jobs/sales-executive-39.html"" target=""_blank"">Apply</a>"
Software Developer (Python),Adams-Brewer,"Brockburgh, AE","<a class=""card-footer-item"" href=""https://realpython.github.io/fake-jobs/jobs/software-developer-python-40.html"" target=""_blank"">Apply</a>"
Futures trader,Schneider-Brady,"North Jason, AE","<a class=""card-footer-item"" href=""https://realpython.github.io/fake-jobs/jobs/futures-trader-41.html"" target=""_blank"">Apply</a>"
Tour manager,Gonzales-Frank,"Arnoldhaven, AE","<a class=""card-footer-item"" href=""https://realpython.github.io/fake-jobs/jobs/tour-manager-42.html"" target=""_blank"">Apply</a>"
Cytogeneticist,Smith-Wong,"Lake Destiny, AP","<a class=""card-footer-item"" href=""https://realpython.github.io/fake-jobs/jobs/cytogeneticist-43.html"" target=""_blank"">Apply</a>"
"Designer, multimedia",Pierce-Herrera,"South Timothyburgh, AP","<a class=""card-footer-item"" href=""https://realpython.github.io/fake-jobs/jobs/designer-multimedia-44.html"" target=""_blank"">Apply</a>"
Trade union research officer,"Aguilar, Rivera and Quinn","New Jimmyton, AE","<a class=""card-footer-item"" href=""https://realpython.github.io/fake-jobs/jobs/trade-union-research-officer-45.html"" target=""_blank"">Apply</a>"
"Chemist, analytical","Lowe, Barnes and Thomas","New Lucasbury, AP","<a class=""card-footer-item"" href=""https://realpython.github.io/fake-jobs/jobs/chemist-analytical-46.html"" target=""_blank"">Apply</a>"
"Programmer, multimedia","Lewis, Gonzalez and Vasquez","Port Cory, AE","<a class=""card-footer-item"" href=""https://realpython.github.io/fake-jobs/jobs/programmer-multimedia-47.html"" target=""_blank"">Apply</a>"
"Engineer, broadcasting (operations)",Taylor PLC,"Gileston, AA","<a class=""card-footer-item"" href=""https://realpython.github.io/fake-jobs/jobs/engineer-broadcasting-operations-48.html"" target=""_blank"">Apply</a>"
"Teacher, primary school","Oliver, Jones and Ramirez","Cindyshire, AA","<a class=""card-footer-item"" href=""https://realpython.github.io/fake-jobs/jobs/teacher-primary-school-49.html"" target=""_blank"">Apply</a>"
Python Developer,Rivera and Sons,"East Michaelfort, AA","<a class=""card-footer-item"" href=""https://realpython.github.io/fake-jobs/jobs/python-developer-50.html"" target=""_blank"">Apply</a>"
Manufacturing systems engineer,Garcia PLC,"Joybury, AE","<a class=""card-footer-item"" href=""https://realpython.github.io/fake-jobs/jobs/manufacturing-systems-engineer-51.html"" target=""_blank"">Apply</a>"
"Producer, television/film/video","Johnson, Wells and Kramer","Emmatown, AE","<a class=""card-footer-item"" href=""https://realpython.github.io/fake-jobs/jobs/producer-television-film-video-52.html"" target=""_blank"">Apply</a>"
"Scientist, forensic",Gonzalez LLC,"Colehaven, AP","<a class=""card-footer-item"" href=""https://realpython.github.io/fake-jobs/jobs/scientist-forensic-53.html"" target=""_blank"">Apply</a>"
Bonds trader,"Morgan, White and Macdonald","Port Coryton, AE","<a class=""card-footer-item"" href=""https://realpython.github.io/fake-jobs/jobs/bonds-trader-54.html"" target=""_blank"">Apply</a>"
Editorial assistant,Robinson-Fitzpatrick,"Amyborough, AA","<a class=""card-footer-item"" href=""https://realpython.github.io/fake-jobs/jobs/editorial-assistant-55.html"" target=""_blank"">Apply</a>"
Photographer,"Waters, Wilson and Hoover","Reynoldsville, AA","<a class=""card-footer-item"" href=""https://realpython.github.io/fake-jobs/jobs/photographer-56.html"" target=""_blank"">Apply</a>"
Retail banker,Hill LLC,"Port Billy, AP","<a class=""card-footer-item"" href=""https://realpython.github.io/fake-jobs/jobs/retail-banker-57.html"" target=""_blank"">Apply</a>"
Jewellery designer,Li-Gregory,"Adamburgh, AA","<a class=""card-footer-item"" href=""https://realpython.github.io/fake-jobs/jobs/jewellery-designer-58.html"" target=""_blank"">Apply</a>"
Ophthalmologist,"Fisher, Ryan and Coleman","Wilsonmouth, AA","<a class=""card-footer-item"" href=""https://realpython.github.io/fake-jobs/jobs/ophthalmologist-59.html"" target=""_blank"">Apply</a>"
"Back-End Web Developer (Python, Django)",Stewart-Alexander,"South Kimberly, AA","<a class=""card-footer-item"" href=""https://realpython.github.io/fake-jobs/jobs/back-end-web-developer-python-django-60.html"" target=""_blank"">Apply</a>"
Licensed conveyancer,Abbott and Sons,"Benjaminland, AP","<a class=""card-footer-item"" href=""https://realpython.github.io/fake-jobs/jobs/licensed-conveyancer-61.html"" target=""_blank"">Apply</a>"
Futures trader,"Bryant, Santana and Davenport","Zacharyport, AA","<a class=""card-footer-item"" href=""https://realpython.github.io/fake-jobs/jobs/futures-trader-62.html"" target=""_blank"">Apply</a>"
Counselling psychologist,Smith PLC,"Port Devonville, AE","<a class=""card-footer-item"" href=""https://realpython.github.io/fake-jobs/jobs/counselling-psychologist-63.html"" target=""_blank"">Apply</a>"
Insurance underwriter,Patterson-Singh,"East Thomas, AE","<a class=""card-footer-item"" href=""https://realpython.github.io/fake-jobs/jobs/insurance-underwriter-64.html"" target=""_blank"">Apply</a>"
"Engineer, automotive",Martinez-Berry,"New Jeffrey, AP","<a class=""card-footer-item"" href=""https://realpython.github.io/fake-jobs/jobs/engineer-automotive-65.html"" target=""_blank"">Apply</a>"
"Producer, radio","May, Taylor and Fisher","Davidside, AA","<a class=""card-footer-item"" href=""https://realpython.github.io/fake-jobs/jobs/producer-radio-66.html"" target=""_blank"">Apply</a>"
Dispensing optician,"Bailey, Owen and Thompson","Jamesville, AA","<a class=""card-footer-item"" href=""https://realpython.github.io/fake-jobs/jobs/dispensing-optician-67.html"" target=""_blank"">Apply</a>"
"Designer, fashion/clothing",Vasquez Ltd,"New Kelly, AP","<a class=""card-footer-item"" href=""https://realpython.github.io/fake-jobs/jobs/designer-fashion-clothing-68.html"" target=""_blank"">Apply</a>"
Chartered loss adjuster,Leblanc LLC,"Lake Antonio, AA","<a class=""card-footer-item"" href=""https://realpython.github.io/fake-jobs/jobs/chartered-loss-adjuster-69.html"" target=""_blank"">Apply</a>"
"Back-End Web Developer (Python, Django)","Jackson, Ali and Mckee","New Elizabethside, AA","<a class=""card-footer-item"" href=""https://realpython.github.io/fake-jobs/jobs/back-end-web-developer-python-django-70.html"" target=""_blank"">Apply</a>"
Forest/woodland manager,"Blankenship, Knight and Powell","Millsbury, AE","<a class=""card-footer-item"" href=""https://realpython.github.io/fake-jobs/jobs/forest-woodland-manager-71.html"" target=""_blank"">Apply</a>"
Clinical cytogeneticist,"Patton, Haynes and Jones","Lloydton, AP","<a class=""card-footer-item"" href=""https://realpython.github.io/fake-jobs/jobs/clinical-cytogeneticist-72.html"" target=""_blank"">Apply</a>"
Print production planner,Wood Inc,"Port Jeremy, AA","<a class=""card-footer-item"" href=""https://realpython.github.io/fake-jobs/jobs/print-production-planner-73.html"" target=""_blank"">Apply</a>"
Systems developer,Collins Group,"New Elizabethtown, AA","<a class=""card-footer-item"" href=""https://realpython.github.io/fake-jobs/jobs/systems-developer-74.html"" target=""_blank"">Apply</a>"
Graphic designer,Flores-Nelson,"Charlesstad, AE","<a class=""card-footer-item"" href=""https://realpython.github.io/fake-jobs/jobs/graphic-designer-75.html"" target=""_blank"">Apply</a>"
Writer,"Mitchell, Jones and Olson","Josephbury, AE","<a class=""card-footer-item"" href=""https://realpython.github.io/fake-jobs/jobs/writer-76.html"" target=""_blank"">Apply</a>"
Field seismologist,Howard Group,"Seanfurt, AA","<a class=""card-footer-item"" href=""https://realpython.github.io/fake-jobs/jobs/field-seismologist-77.html"" target=""_blank"">Apply</a>"
Chief Strategy Officer,Kramer-Edwards,"Williambury, AA","<a class=""card-footer-item"" href=""https://realpython.github.io/fake-jobs/jobs/chief-strategy-officer-78.html"" target=""_blank"">Apply</a>"
Air cabin crew,Berry-Houston,"South Jorgeside, AP","<a class=""card-footer-item"" href=""https://realpython.github.io/fake-jobs/jobs/air-cabin-crew-79.html"" target=""_blank"">Apply</a>"
Python Programmer (Entry-Level),Mathews Inc,"Robertborough, AP","<a class=""card-footer-item"" href=""https://realpython.github.io/fake-jobs/jobs/python-programmer-entry-level-80.html"" target=""_blank"">Apply</a>"
Warden/ranger,Riley-Johnson,"South Saratown, AP","<a class=""card-footer-item"" href=""https://realpython.github.io/fake-jobs/jobs/warden-ranger-81.html"" target=""_blank"">Apply</a>"
Sports therapist,Spencer and Sons,"Hullview, AA","<a class=""card-footer-item"" href=""https://realpython.github.io/fake-jobs/jobs/sports-therapist-82.html"" target=""_blank"">Apply</a>"
Arts development officer,Camacho-Sanchez,"Philipland, AP","<a class=""card-footer-item"" href=""https://realpython.github.io/fake-jobs/jobs/arts-development-officer-83.html"" target=""_blank"">Apply</a>"
Printmaker,Oliver and Sons,"North Patty, AE","<a class=""card-footer-item"" href=""https://realpython.github.io/fake-jobs/jobs/printmaker-84.html"" target=""_blank"">Apply</a>"
Health and safety adviser,Eaton PLC,"North Stephen, AE","<a class=""card-footer-item"" href=""https://realpython.github.io/fake-jobs/jobs/health-and-safety-adviser-85.html"" target=""_blank"">Apply</a>"
Manufacturing systems engineer,Stanley-Frederick,"Stevensland, AP","<a class=""card-footer-item"" href=""https://realpython.github.io/fake-jobs/jobs/manufacturing-systems-engineer-86.html"" target=""_blank"">Apply</a>"
"Programmer, applications",Bradley LLC,"Reyesstad, AE","<a class=""card-footer-item"" href=""https://realpython.github.io/fake-jobs/jobs/programmer-applications-87.html"" target=""_blank"">Apply</a>"
Medical physicist,"Parker, Goodwin and Zavala","Bellberg, AP","<a class=""card-footer-item"" href=""https://realpython.github.io/fake-jobs/jobs/medical-physicist-88.html"" target=""_blank"">Apply</a>"
Media planner,Kim-Miles,"North Johnland, AE","<a class=""card-footer-item"" href=""https://realpython.github.io/fake-jobs/jobs/media-planner-89.html"" target=""_blank"">Apply</a>"
Software Developer (Python),Moreno-Rodriguez,"Martinezburgh, AE","<a class=""card-footer-item"" href=""https://realpython.github.io/fake-jobs/jobs/software-developer-python-90.html"" target=""_blank"">Apply</a>"
"Surveyor, land/geomatics",Brown-Ortiz,"Joshuatown, AE","<a class=""card-footer-item"" href=""https://realpython.github.io/fake-jobs/jobs/surveyor-land-geomatics-91.html"" target=""_blank"">Apply</a>"
Legal executive,Hartman PLC,"West Ericstad, AA","<a class=""card-footer-item"" href=""https://realpython.github.io/fake-jobs/jobs/legal-executive-92.html"" target=""_blank"">Apply</a>"
"Librarian, academic",Brooks Inc,"Tuckertown, AE","<a class=""card-footer-item"" href=""https://realpython.github.io/fake-jobs/jobs/librarian-academic-93.html"" target=""_blank"">Apply</a>"
Barrister,Washington-Castillo,"Perezton, AE","<a class=""card-footer-item"" href=""https://realpython.github.io/fake-jobs/jobs/barrister-94.html"" target=""_blank"">Apply</a>"
Museum/gallery exhibitions officer,"Nguyen, Yoder and Petty","Lake Abigail, AE","<a class=""card-footer-item"" href=""https://realpython.github.io/fake-jobs/jobs/museum-gallery-exhibitions-officer-95.html"" target=""_blank"">Apply</a>"
"Radiographer, diagnostic",Holder LLC,"Jacobshire, AP","<a class=""card-footer-item"" href=""https://realpython.github.io/fake-jobs/jobs/radiographer-diagnostic-96.html"" target=""_blank"">Apply</a>"
Database administrator,Yates-Ferguson,"Port Susan, AE","<a class=""card-footer-item"" href=""https://realpython.github.io/fake-jobs/jobs/database-administrator-97.html"" target=""_blank"">Apply</a>"
Furniture designer,Ortega-Lawrence,"North Tiffany, AA","<a class=""card-footer-item"" href=""https://realpython.github.io/fake-jobs/jobs/furniture-designer-98.html"" target=""_blank"">Apply</a>"
Ship broker,"Fuentes, Walls and Castro","Michelleville, AP","<a class=""card-footer-item"" href=""https://realpython.github.io/fake-jobs/jobs/ship-broker-99.html"" target=""_blank"">Apply</a>"
